project,status,cod_actual,cost_type,actual_cost_note,status_confidence,note
"Outer Cape (Provincetown) BESS",operating,2022-12,actual/final reported ($49M incl. fiber control grid),"",High,"EIA-860M Dec 2022"
"Nantucket BESS",operating,2019-07,actual/final reported approx (incl 15 MW generator),"",High,"EIA-860M Jul 2019"
"Martha's Vineyard BESS Phase 1 (cancelled)",cancelled,,pre-construction estimate (DPU 18-155),"",High,"withdrawn May 2021; EIA cancelled"
"Martha's Vineyard BESS Phase 2 (cancelled)",cancelled,,pre-construction estimate (DPU 18-155),"",High,"withdrawn May 2021"
"Sterling MLD Chocksett Road BESS",operating (EIA flags out of service expected to return),2016-12,actual/final reported (plant account 363 $2,488,420 booked),"",High,"EIA-860M Apr 2017; OA status Aug 2026"
"Pomona (Ladentown) BESS",operating,2021-04,actual/final reported ($7.4M utility release),"",High,"EIA-860M Dec 2020; O&R Apr 2021"
"Essex Solar + Storage",operating,2019-09,pre-construction estimate (CPG incl solar),"",High,"EIA-860M Sep 2019; CSV cod 2022 wrong"
"Northern New York (Chateaugay) BESS",operating (EIA flags out of service expected to return),2023-07,approved budget (NYPA Trustees),"",High,"EIA-860M Jul 2023; OA status Aug 2026"
"Ozone Park BESS",operating,2019,pre-construction estimate (informal spokesman),"",High,"Con Ed 2019; EIA Jun 2021"
"Stafford Hill Solar + Storage (Rutland)",operating,2015-09,actual/final reported (storage component per CEG),"",High,"EIA-860M Sep 2015"
"NineDot Arthur Kill Road BESS (Staten Island)",operating,2025-02,IDA application budget ($39.44M; CSV $43.384M was Elevate's resolution),"",High,"EIA plants 67880/67882 Feb and Jun 2025"
"Elevate Renewables Victory Blvd BESS (Staten Island)",under construction (construction complete; not in commercial operation),,IDA application budget,"",High,"EIA TS status; planned Sep 2026; no COD announced"
"Soltage Brigis 1A BESS (Maspeth, Queens)",under construction (inferred),,IDA application budget,"",Low,"not in EIA-860M"
"Ashburnham MLP substation BESS",operating,2019-03,actual/final reported ($3.5M at switch-on),"",High,"EIA-860M Mar 2019"
"Braintree BELD solar-sited BESS",operating,2018-06,actual/final reported ($2.6M),"",High,"EIA-860M Jun 2018; CSV cod 2019 wrong"
"Wellesley MLP BESS (Citizens Energy)",operating,2024-11,actual/final reported as a range ($10-12M incl remediation),"",Medium,"energized 7 Nov 2024"
"Concord MLP grid-scale battery (planned)",under development/planned,,approved budget (town borrowing),"",High,"not built"
"VEC Hinesburg BESS",operating,2019-07,not disclosed (CSV $5.6M not verifiable),"",High,"EIA-860M Sep 2019; owned by Viridity under lease; CSV cod 2023 wrong"
"North Troy BESS (VEC + GMP)",operating,2024-08,actual/final reported approx (~$6M),"",Medium,"EVLO Aug 2024"
"Westmoreland Clean Innovation Project BESS (withdrawn)",cancelled,,pre-construction estimate (PUC petition),"",High,"petition withdrawn Feb 2020"
"Boston Medical Center BTM BESS",operating,2023-04,actual/final reported ($1.33M),"",High,"EIA-860M Apr 2023; installed 2022"
"Agilitas AE-ESS NWS 1 (Long Island City)",operating,2025-06,IDA application budget (cost/benefit analysis),"",High,"EIA-860M Jun 2025; CSV guess not built was wrong"
"Greenbacker Staten Island Energy Storage 3 (Androvette St)",approved but not built (unverified),,IDA application budget,"",Low,"no EIA record; no energization found"
"OSCII Blondell Ave BESS (Bronx)",under development (unverified),,IDA application budget,"",Low,"not in EIA-860M; not on Convergent site list"
"OSCII Gildersleeve Ave BESS (Bronx)",under construction,,IDA application budget,"",Medium,"Convergent Soundview under construction"
"OSCII Gun Hill Rd BESS (Bronx)",under construction,,IDA application budget,"",Medium,"Convergent Laconia; not in EIA-860M"
"Convergent SSC Richmond Rd BESS (Staten Island)",cancelled,,IDA application budget,"",High,"EIA-860M cancelled sheet"
"NineDot Wintergreen / Hunts Point BESS (Bronx)",under construction,,IDA application budget,"",High,"EIA U status; planned Jul 2027; ribbon-cut Sep 2026"
"NineDot Blue Aster BESS (Hinsdale St Brooklyn)",under construction,,IDA application budget,"",High,"EIA U status; planned Aug 2027"
"Convergent East Bay Ave Energy Storage 1 (Bronx)",under development/planned,,IDA application budget,"",Medium,"not in EIA-860M"
"NineDot Devoe Ave BESS (Bronx)",under development/planned,,IDA application budget,"",Low,"no EIA record"
"NineDot Seneca Lake / Boston Rd BESS (Bronx)",under development/planned,,IDA application budget,"",Low,"PHP Mar 2025: 2 x 8 MW, 35.2 MWh, ~$25.66M; CSV figures do not match"
"Soltage Brigis 2 / Maspeth ESS (Queens)",under development/planned,,IDA application budget,"",Low,"not in EIA-860M"
"Convergent 720 E 144th St Energy Storage 1 (Bronx)",under development/planned,,IDA application budget,"",Low,"pre-construction"
"NineDot Eastern Towhee A/B (Centre St Brooklyn)",under development/planned,,IDA application budget,"",Medium,"NYCIDA notice Jun 2026"
"Soltage McDonald BESS (46th St Maspeth)",under construction (inferred),,IDA application budget ($15,075,225; CSV mis-keyed),"",Low,"2481 McDonald Ave Gravesend; $11M construction loan Aug 2025"
"Con Edison Storage on Demand mobile BESS (with NRG)",operating (demonstration),2018,approved budget (REV demonstration),"",Medium,"mobile units; no EIA record"
"East Hampton Energy Storage Center (NextEra for LIPA)",operating,2018-08,contract/EPC price (LIPA contract value),"",High,"EIA-860M Aug 2018; fire 2023; back Jul 2024"
"Panton battery (Green Mountain Power)",operating,2018-06,pre-construction estimate (CPG coverage),"",High,"EIA-860M Jun 2018"
