project,owner,owner_type,state,mw,mwh,cod_year,cost_usd,cost_basis,confidence,source_url,notes,in_reference_class,status_guess,tier_guess
Outer Cape (Provincetown) BESS,Eversource (NSTAR Electric),IOU,MA,25.0,38.0,2022.0,49000000,final/actual (as reported),Medium,https://provincetownindependent.org/featured/2026/05/13/eversource-will-upgrade-exposed-poles-on-shore-road/,DPU 17-05 (2017) approved budget range $35-45M; $49M final per Provincetown Independent and capecod.com reporting; cost includes non-battery microgrid/fiber scope,True,built; actual/final cost,tier1
Nantucket BESS,National Grid (Massachusetts Electric),IOU,MA,6.0,48.0,2019.0,81000000,final/actual (as reported),Medium,https://www.renewableenergyworld.com/energy-storage/battery/6-mw-48-mwh-battery-storage-system-unveiled-on-nantucket-island-in-massachusetts/,Tesla Powerpack 8-hour; $81M includes generator - battery-only cost not disclosed; alternative was ~$200M third submarine cable,False,built; actual/final cost,tier1
Martha's Vineyard BESS Phase 1 (cancelled),Eversource (NSTAR Electric),IOU,MA,4.9,20.0,2019.0,15000000,estimate (DPU 18-155 filing),Medium,https://www.microgridknowledge.com/distributed-energy/article/11429907/eversource-pushes-ahead-with-147-mw-battery-project-on-marthas-vineyard,cod_year = DPU approval year (2019); Eversource cancelled project May 2021; never built,True,cancelled,excluded
Martha's Vineyard BESS Phase 2 (cancelled),Eversource (NSTAR Electric),IOU,MA,9.8,64.0,2019.0,28000000,estimate (DPU 18-155 filing),Medium,https://www.microgridknowledge.com/distributed-energy/article/11429907/eversource-pushes-ahead-with-147-mw-battery-project-on-marthas-vineyard,cod_year = DPU approval year (2019); planned COD 2023; cancelled May 2021,True,cancelled,excluded
Sterling MLD Chocksett Road BESS,Sterling Municipal Light Department,muni/coop,MA,2.0,3.9,2016.0,2700000,final/actual (as reported),Medium,https://www.cesa.org/resource-library/resource/project-overview-sterling-municipal-energy-storage-project/,$1.4M MA DOER resiliency grant + $250k DOE grant; commissioned Dec 2016,True,built; actual/final cost,tier1
Pomona (Ladentown) BESS,Orange & Rockland Utilities (Con Edison),IOU,NY,3.0,12.0,2021.0,7400000,final/actual (utility press release),High,https://www.oru.com/en/about-us/media-center/news/2021/04-20/oru-key-capture-energy-begins-operations-at-orus-first-energy-storage-facility,4-hour; first O&R storage facility,True,built; actual/final cost,tier1
Salem Smart Power Center,Portland General Electric,IOU,OR,5.0,1.25,2013.0,23000000,final/actual (demonstration total),High,https://investors.portlandgeneral.com/news-releases/news-release-details/portland-general-electric-opens-salem-smart-power-center-along,EnerDel Li-ion 5 MW/1.25 MWh; R&D demo - not representative of commercial cost,False,built; actual/final cost,tier1
Waena BESS (Maui),Hawaiian Electric (Maui Electric),IOU,HI,40.0,160.0,2027.0,82100000,approved budget/estimate (HPUC Dec 2023),High,https://www.sec.gov/Archives/edgar/data/0000354707/000035470726000054/he-20260630.htm,Original 2020 estimate $60M; July 2025 PUC allowed recovery up to +20% over estimate for tariff-driven cost changes; $27.2M incurred as of 6/30/2026; Tesla Megapack,False,not built (planned/under development),excluded
Arlington Microgrid,Snohomish County PUD,muni/coop,WA,1.0,1.4,2020.0,12000000,final/actual (as reported),Medium,https://www.snopud.com/community-environment/our-energy-future/projects/arlington-microgrid-project/,$3.5M WA Clean Energy Fund grant; battery-only cost not separated,False,built; actual/final cost,tier1
Reid Gardner BESS,NV Energy (Berkshire Hathaway Energy),IOU,NV,220.0,440.0,2023.0,257000000,final/actual (as reported),Medium,https://reviewjournal.com/business/energy/nv-energy-cuts-ribbon-on-257m-facility-meant-to-boost-solar-energy-3040299,Energy Vault EPC; ~40% (~$100M) of cost offset by IRA tax credits; PUCN approved 2022,False,built; actual/final cost,tier1
Constable (Evergreen) BESS,Portland General Electric,IOU,OR,75.0,300.0,2024.0,156000000,"final/actual (Electric Utility Plant recorded incl. AFUDC, 10-K)",High,https://www.sec.gov/Archives/edgar/data/784977/000078497725000012/por-20241231.htm,4-hour; COD Dec 2024,False,built; actual/final cost,tier1
Seaside BESS,Portland General Electric,IOU,OR,200.0,800.0,2025.0,360000000,"contract price (fixed-cost build-transfer agreement, excl. AFUDC)",High,https://www.sec.gov/Archives/edgar/data/784977/000078497725000012/por-20241231.htm,Eolian BTA; OPUC Order 25-417 rate base $220M net of $125M ITC; COD July 2025,False,built?; contract price,tier2
Essex Solar + Storage,Green Mountain Power,IOU,VT,2.0,8.0,2022.0,14300000,estimate (development + interconnection),Medium,https://vtdigger.org/2022/09/29/green-mountain-power-expands-battery-storage-to-avoid-buying-energy-from-the-grid/,Tesla Powerpack 2 MW/4-hour; cost includes solar - not separable,False,built?; budget/estimate,tier2
Northern New York (Chateaugay) BESS,New York Power Authority,other (state power authority),NY,20.0,20.0,2023.0,29800000,approved budget (NYPA Trustees),High,https://nypa.gov/news/press-releases/2023/20230825-utility,1-hour system; initial $23.8M approval + $6M added,True,built?; budget/estimate,tier2
Ozone Park BESS,Con Edison,IOU,NY,1.5,12.0,2019.0,15000000,estimate (utility spokesman: 'about $15 million'),Low,https://ny1.com/nyc/queens/news/2019/05/10/con-ed-creates-battery-farm-to-address-summer-strain-on-power-grid,8-hour; some sources cite 2 MW; cost figure is an informal spokesman statement,True,built?; budget/estimate,tier2
Hot Springs Microgrid,Duke Energy Progress,IOU,NC,4.4,,2023.0,14500000,final/actual (as reported),Medium,https://www.theassemblync.com/business/hot-springs-microgrid-duke-energy/,Battery cited as 4 MW/16 MWh in NCUC filings and 4.4 MW in Duke releases; MWh left blank (not confirmed in retrieved excerpts); 2017 announcement put Hot Springs + Asheville combined at ~$30M,False,built; actual/final cost,tier1
"Virginia battery pilot portfolio (Scott Solar 10+2 MW, New Kent 2 MW, Hanover/Ashland 2 MW)",Dominion Energy Virginia,IOU,VA,16.0,56.0,2021.0,33000000,"company estimate at SCC filing (portfolio of three sites, ~$33M)",Medium,https://www.tdworld.com/distributed-energy-resources/energy-storage/article/20972946/dominion-energy-announces-battery-storage-pilot-projects,Scott Solar units are 4-hour (48 MWh); MWh for 2 MW units not confirmed so total left blank; SCC approved Feb 2020; Scott Solar operational 2022 | MWh and cost added 2 Oct 2026 (Scott 48 + Ashland 4 +,True,built?; budget/estimate,tier2
Glacier BESS,Puget Sound Energy,IOU,WA,2.0,4.4,2016.0,11200000,final/actual (PSE $7.4M + $3.8M state grant),High,https://www.pse.com/en/pages/grid-modernization/glacier-demo-project,WA Dept of Commerce $3.8M Smart Grid grant; PNNL performance reports,True,built; actual/final cost,tier1
Chugach BESS (Southcentral Power Project site),Chugach Electric Association (75%) / Matanuska Electric Association (25%),muni/coop,AK,40.0,80.0,2024.0,65000000,final/actual (as reported),High,https://www.chugachelectric.com/your-cooperative/news-community/news-releases/2024/10/7/battery-energy-storage-system-officially-commissioned,"24 Tesla Megapacks; ADN reported $63M in 2023, $65M at 2024 commissioning; may qualify for ITC",True,built; actual/final cost,tier1
Trenton Channel Energy Center BESS,DTE Electric,IOU,MI,220.0,880.0,2026.0,460000000,"approved estimate (MPSC, 2024)",Medium,https://www.energy-storage.news/us-utility-dte-starts-220mw-880mwh-bess-project-at-michigan-coal-plant-site/,Powin LFP; ~$140M IRA tax credits offset; planned COD 2026,False,not built (planned/under development),excluded
Roadrunner Reserve (Phase 1),Tucson Electric Power,IOU,AZ,200.0,800.0,2025.0,294000000,estimate at announcement (2023),Medium,https://tucson.com/news/local/business/article_95df9266-623a-11ee-8f58-8bdd862facf6.html,TEP later described the first 200 MW as a '$350 million investment' (tep.com) - unclear whether $350M is updated Phase 1 cost or Phase 2; both reported,False,built?; budget/estimate,tier2
Roadrunner Reserve 2 (Phase 2),Tucson Electric Power,IOU,AZ,200.0,800.0,2026.0,350000000,estimate (utility statement),Medium,https://www.tep.com/roadrunner/,"Online June 2026 per TEP; combined 400 MW / 1,600 MWh",False,not built (planned/under development),excluded
Minnesota utility-owned distribution battery program (200 MW),Xcel Energy (Northern States Power-MN),IOU,MN,200.0,,2026.0,430000000,"approved program budget (MPUC, 2026)",Medium,https://www.utilitydive.com/news/minnesota-approves-xcels-controversial-utility-owned-virtual-power-plant/816673/,"Programmatic, not a single project; PUC approved 200 MW with interim assessment at 50 MW; duration not confirmed in retrieved excerpt",False,not built (planned/under development),excluded
Harding Street BESS,Indianapolis Power & Light (AES Indiana),IOU,IN,20.0,20.0,2016.0,25000000,estimate at announcement (2015),Medium,https://www.utilitydive.com/news/indianapolis-power-light-to-invest-25m-in-storage-facility/399502/,First MISO grid battery; primary frequency response; placed in rate base,True,built?; budget/estimate,tier2
Kingsbery Community Solar + Storage,Austin Energy,muni/coop,TX,1.5,3.0,2016.0,3000000,final/actual (as reported),Medium,https://www.statesman.com/story/news/2016/09/04/austin-energy-poised-to-test-its-first-energy-storage-system/9995279007/,$1M TCEQ grant; Tesla battery (Younicos integrator),True,built; actual/final cost,tier1
"Nova Scotia BESS portfolio (Bridgewater, Waverley, White Rock; 3 x 50 MW) [CANADA]",Nova Scotia Power (Emera) with Wskijnu'k Mtmo'taqnuow Agency,IOU,NS (Canada),150.0,600.0,2026.0,258000000,approved budget (NSUARB) incl. AFUDC,High,https://www.cbc.ca/news/canada/nova-scotia/nsp-battery-storage-system-approved-1.7235197,Reported C$354M incl AFUDC; converted at ~0.73 USD/CAD (approximate); C$109M NRCan grant + C$138.2M CIB loan; 4-hour,False,not built (planned/under development),excluded
Guam ESS (Agana 24 MW/6 MWh + Talofofo 16 MW/16 MWh),Guam Power Authority,muni/coop,GU,40.0,22.0,,43000000,"contract price (turnkey, 2017)",Medium,https://www.utilitydive.com/news/lg-subsidiary-will-install-40-mw-of-batteries-on-guam/444490/,Two systems under one $43M contract; 12-month delivery from 2017; reported operating by 2021; COD year not confirmed in excerpts,False,built?; contract price,tier2
Fairhaven BESS,Baltimore Gas & Electric (Exelon),IOU,MD,2.5,9.74,2023.0,16161336,final/actual (reported to MD PSC),High,https://psc.maryland.gov/wp-content/uploads/Energy-Storage-Pilot-Program-Interim-Report.pdf,"Initial estimate $9,841,000; actual $16,161,336; MWh cited as 7.1 (proposal) and 9.74 (interim report); PJM frequency regulation + winter peak",True,built; actual/final cost,tier1
Regina BESS [CANADA],SaskPower,other (crown utility),SK (Canada),20.0,20.0,2024.0,25200000,"as-built C$34M per secondary source (estimate C$26M), converted at 0.74 USD/CAD",High,https://www.cbc.ca/news/canada/saskatchewan/saskpower-battery-energy-storage-1.7253756,MWh set to 20 (20 MW / 20 MWh) and cost re-based to the as-built figure 2 Oct 2026; FX 0.74,True,built; actual/final cost,tier1
Stafford Hill Solar + Storage (Rutland),Green Mountain Power,IOU,VT,4.0,3.4,2015.0,4200000,final/actual (storage component),Medium,https://www.cleanegroup.org/initiatives/technical-assistance-fund/featured-installations/stafford-hill/,Mixed chemistry: 2 MW/1 MWh Li-ion + 2 MW/2.4 MWh advanced lead-acid; solar portion ~$5.77M,True,built; actual/final cost,tier1
Westside Canal BESS Phase 2a,San Diego Gas & Electric (Sempra),IOU,CA,119.0,,2024.0,267900000,approved estimate (CPUC),High,https://www.sempra.com/newsroom/press-releases/sdge-expands-energy-storage-capabilities-enhance-grid-resiliency-and,COD Dec 2024; duration/MWh not confirmed in retrieved excerpt (SDG&E portfolio is predominantly 4-hour),False,built?; budget/estimate,tier2
Westside Canal BESS Phase 2b (expansion),San Diego Gas & Electric (Sempra),IOU,CA,100.0,,2025.0,224500000,"approved estimate (CPUC, Mar 2025)",High,https://www.sempra.com/newsroom/press-releases/sdge-expands-energy-storage-capabilities-enhance-grid-resiliency-and,Adds 100 MW to existing 131 MW facility; projected fully operational June 2025; MWh not confirmed,False,built?; budget/estimate,tier2
Smarter Network Storage (Leighton Buzzard) [UK],UK Power Networks,IOU (regulated DNO),Bedfordshire (UK),6.0,10.0,2014.0,29000000,final (project budget),High,https://innovation.ukpowernetworks.co.uk/projects/smarter-network-storage-sns,Reported GBP 18.7M; converted at ~1.55 USD/GBP (2014); Samsung SDI/S&C/Younicos,False,built; actual/final cost,tier1
Dalrymple ESCRI BESS [AUSTRALIA],ElectraNet (transmission network service provider),IOU (regulated TNSP),SA (Australia),30.0,8.0,2018.0,22200000,final/actual (as reported),High,https://arena.gov.au/news/grid-scale-escri-battery-charges-up-in-south-australia/,Reported A$30M; converted at ~0.74 USD/AUD (2018); A$12M ARENA grant later repaid; operated by AGL under lease,True,built; actual/final cost,tier1
Oneida Energy Storage [CANADA],Northland Power / Six Nations of the Grand River / NRStor / Aecon,IPP,ON (Canada),250.0,1000.0,2025.0,511000000,final/actual (reported ~C$700M vs C$800M budget),High,https://www.northlandpower.com/en/news/press-release/northland-power-announces-commercial-operations-at-oneida-energy-storage-project-canadas-largest-bat.aspx,Converted at ~0.73 USD/CAD; CIB loan; IESO capacity contract; COD May 2025,False,built; actual/final cost,tier1
SwRI Solar + Storage (5 MW PV + 10 MW BESS),CPS Energy,muni/coop,TX,10.0,10.0,2019.0,16300000,approved budget (CPS Board),Medium,https://www.powermag.com/press-releases/cps-energy-launches-solar-energy-and-battery-storage-project/,$3M TCEQ NTIG grant; cost includes solar - not separable,False,built?; budget/estimate,tier2
"SCE substation BESS portfolio (Springvale 225 MW, Hinson 200 MW, Etiwanda 112.5 MW)",Southern California Edison,IOU,CA,537.5,2150.0,2022.0,1226000000,"contract price (EPCM contract, CPUC-authorized Dec 2021)",High,https://www.cpuc.ca.gov/news-and-updates/all-news/cpuc-approves-energy-storage-contract-for-sce,4-hour; emergency reliability procurement under 2021 Governor's proclamation; aggregate of three sites,False,built?; contract price,tier2
Whitehorse Grid-Scale BESS [CANADA],Yukon Energy,other (crown utility),YT (Canada),7.0,40.0,2023.0,25900000,"YUB-reviewed final capital estimate C$35M, converted at 0.74 USD/CAD",High,https://yukonenergy.ca/energy-in-yukon/projects-facilities/battery-storage,COD 2023 and final-estimate cost added 2 Oct 2026; C$16.5M federal contribution not netted; FX 0.74,True,built; actual/final cost,tier1
Rock Hill (Asheville) substation BESS,Duke Energy Progress,IOU,NC,9.0,,2020.0,15000000,estimate (upper bound: 'less than $15 million'),Medium,https://news.duke-energy.com/releases/north-carolinas-largest-battery-system-now-operating-at-duke-energy-substation,Cost is an upper bound; MWh not confirmed; 2017 announcement: Hot Springs + Asheville ~$30M combined,False,built?; budget/estimate,tier2
"Morro Bay BESS (proposed, not built)",Vistra,IPP,CA,600.0,2400.0,,550000000,"estimate ($500-600M, developer statement)",Low,https://esterobaynews.com/featured-stories/vistra-proposes-worlds-biggest-battery-storage-facility/,Midpoint of $500-600M range; local approval not obtained; project status uncertain/reportedly shelved; cod_year blank,False,not built (planned/under development),excluded
Kwinana BESS Stage 1 [AUSTRALIA],Synergy (WA state-owned utility),other (state-owned utility),WA (Australia),100.0,200.0,2023.0,103500000,final (as reported),Medium,https://www.pv-magazine-australia.com/2023/05/15/wa-plans-bigger-batteries-as-200-kwinana-system-put-to-test/,Reported A$155M (USD 103.5M as stated by source); state/federal funded,False,built; actual/final cost,tier1
WindCharger [CANADA],TransAlta Renewables,IPP,AB (Canada),10.0,20.0,2020.0,11000000,final/actual (total capital cost),Medium,https://renewablesnow.com/news/transalta-renewables-10-mw-wind-powered-battery-reaches-cod-in-alberta-717754/,Reported C$14.5M (USD 11M as stated by source); ~50% ERA grant; Tesla Megapack,True,built; actual/final cost,tier1
Weld Energy Storage (for Platte River Power Authority),Weld Energy Storage LLC (NextEra Energy Resources),IPP,CO,,400.0,2026.0,141000000,estimate (reported project cost),Medium,https://coloradobiz.com/platte-river-energy-storage-weld-county-battery-project/,IPP-owned under long-term storage agreement with Platte River; MW not confirmed in retrieved excerpt; planned COD late 2026,False,not built (planned/under development),excluded
Glenarm BESS (for Pasadena Water & Power),Glenarm BESS LLC (EPC Energy SPE),IPP,CA,25.0,100.0,2027.0,55300000,contract price (15-year services contract value),Medium,https://pasadenanow.com/main/city-committee-unanimously-approves-100-million-long-term-contracts-for-renewable-energy-battery-energy-storage,$9.6M CEC DEBA grant to PWP; 4-hour; planned COD 2027; treat as contract value not capex,False,not built (planned/under development),excluded
NineDot Arthur Kill Road BESS (Staten Island),NineDot Energy (GB Arthur Kill Storage LLC),developer,NY,9.8,39.1,2025.0,43384000,NYCIDA project budget (inducement resolution Apr 2024),High,https://edc.nyc/sites/default/files/2025-03/GB%20Arthur%20Kill%20Storage%20LLC%20-%20Inducement%20and%20Authorizing%20Resolution%20April%202024.pdf,Added 2 Oct 2026 after review comment; 4-h; VDER revenue; NYSERDA incentive and ITC not netted,True,built?; budget/estimate,tier2
Elevate Renewables Victory Blvd BESS (Staten Island),Elevate Renewables F7 LLC (ArcLight),developer,NY,15.1,60.4,2025.0,31650000,NYCIDA total project cost (public hearing notice Apr 2024),High,https://edc.nyc/sites/default/files/2024-03/IDA-Public-Hearing-Notice-April-18-2024.pdf,Added 2 Oct 2026; 4-h; sited at existing generation property,True,built?; budget/estimate,tier2
"Soltage Brigis 1A BESS (Maspeth, Queens)",Soltage NY DevCo LLC,developer,NY,5.0,20.0,2025.0,16104493,NYCIDA total project cost (public hearing notice Mar 2024),Medium,https://edc.nyc/sites/default/files/2024-02/IDA-Public-Hearing-Notice-March-7-2024-Public-Hearing.pdf,"Added 2 Oct 2026; MWh not stated in excerpt, 4-h assumed (NY retail-tier norm)",True,built?; budget/estimate,tier2
Ashburnham MLP substation BESS,Ashburnham Municipal Light Plant,muni/coop,MA,3.0,5.0,2019.0,3500000,reported total plant cost (NEC / MMWEC),Medium,https://www.energy-storage.news/news/east-coast-ess-projects-switched-on-by-nec-aggreko,Added 2 Oct 2026 (NE research pass); NEC Energy Solutions,True,built; actual/final cost,tier1
Braintree BELD solar-sited BESS,Braintree Electric Light Department,muni/coop,MA,2.0,4.2,2019.0,2600000,reported installed cost of battery (Borrego),Medium,https://www.canarymedia.com/articles/enn/massachusetts-grants-help-get-energy-storage-projects-off-the-ground,Added 2 Oct 2026; solar scope separate per source,True,built; actual/final cost,tier1
Wellesley MLP BESS (Citizens Energy),Citizens Energy Corporation (third-party owner; savings shared with Wellesley MLP),developer,MA,4.99,20.0,2024.0,11000000,reported project cost range $10M-$12M (midpoint used),Medium,https://commonwealthbeacon.org/energy/wellesley-battery-expected-to-save-town-residents-8m-a-year/,Added 2 Oct 2026; midpoint of a reported range,True,built; actual/final cost,tier1
Concord MLP grid-scale battery (planned),Concord Municipal Light Plant,muni/coop,MA,4.99,14.97,2026.0,10400000,capital cost estimate / borrowing authorization (Special Town Meeting 1 May 2024),High,https://concordma.gov/DocumentCenter/View/48195/2024-Special-Town-Meeting---Warrant-Article-1,Added 2 Oct 2026; estimate (not built),True,not built (planned/under development),excluded
VEC Hinesburg BESS,Vermont Electric Cooperative,muni/coop,VT,1.0,4.0,2023.0,5600000,total estimated cost reported by NRECA,Medium,https://www.electric.coop/energy-storage-pays-off-for-vermont-electric-cooperative,Added 2 Oct 2026; COD year inferred from article date,True,built?; budget/estimate,tier2
North Troy BESS (VEC + GMP),Vermont Electric Cooperative and Green Mountain Power,muni/coop,VT,3.0,12.0,2024.0,6000000,reported total project cost (about $6M; Sandia says over $5M),Medium,https://vtdigger.org/2024/08/16/vermont-electric-and-green-mountain-power-launch-new-large-scale-battery-in-north-troy/,Added 2 Oct 2026; shared utility ownership,True,built; actual/final cost,tier1
Westmoreland Clean Innovation Project BESS (withdrawn),Eversource NH,IOU,NH,1.7,7.1,2020.0,7000000,estimated capex in PUC preauthorization petition DE 19-133 (withdrawn Feb 2020),High,https://www.nhpr.org/nh-news/2019-05-21/eversource-plans-7m-battery-storage-demonstration-project-in-westmoreland,Added 2 Oct 2026; estimate (petition withdrawn); COD year set to 2020 plan,True,built?; budget/estimate,tier2
Boston Medical Center BTM BESS,Boston Medical Center,developer,MA,0.572,1.271,2025.0,1330000,reported total installed cost,Medium,https://pv-magazine-usa.com/2025/04/22/a-boston-hospitals-572-kw-battery-is-expected-to-pay-for-itself-in-7-10-years/,Added 2 Oct 2026; EXCLUDE from regression (behind-the-meter sub-MW),False,built; actual/final cost,tier1
Agilitas AE-ESS NWS 1 (Long Island City),Agilitas Energy,developer,NY,5.0,20.6,2021.0,15000000,NYCIDA cost/benefit analysis (Jul 2020),Medium,https://edc.nyc/sites/default/files/2020-07/NYCIDA-Agilitas-PHP.pdf,Added 2 Oct 2026 (NY research pass); planned 2021; listed operating 2025,True,not built (planned/under development),excluded
Greenbacker Staten Island Energy Storage 3 (Androvette St),Greenbacker Renewable Energy,developer,NY,5.0,20.0,2023.0,10450000,NYCIDA estimated project budget (Mar 2022),Medium,https://edc.nyc/sites/default/files/2022-02/Staten%20Island%20PHP.pdf,Added 2 Oct 2026,True,built?; budget/estimate,tier2
OSCII Blondell Ave BESS (Bronx),Orenda / North Sky JV (later Convergent),developer,NY,5.0,10.0,2024.0,8570000,NYCIDA total project cost (Jul 2023 notice),Medium,https://edc.nyc/sites/default/files/2023-06/IDA-Public-Hearing-Notice-July-20-2023.pdf,Added 2 Oct 2026; one of few 2-h NYC comparables,True,built?; budget/estimate,tier2
OSCII Gildersleeve Ave BESS (Bronx),Orenda / North Sky JV (later Convergent),developer,NY,5.0,20.0,2025.0,13875000,NYCIDA total project cost (Jul 2023; re-noticed Nov 2024),Medium,https://edc.nyc/sites/default/files/2024-11/OSCII%20Gildersleeve%2C%20LLC_Public%20Hearing%20Package_Redacted.pdf,Added 2 Oct 2026; a secondary summary conflates Gildersleeve + Gun Hill; treated as per-site,True,built?; budget/estimate,tier2
OSCII Gun Hill Rd BESS (Bronx),Orenda / North Sky JV (later Convergent),developer,NY,5.0,20.0,2025.0,15262500,NYCIDA estimated project budget (Jul 2023 PHP),Medium,https://edc.nyc/sites/default/files/2023-07/Gun%20Hill%20PHP_V2%20(Redacted).pdf,Added 2 Oct 2026,True,built?; budget/estimate,tier2
Convergent SSC Richmond Rd BESS (Staten Island),Convergent Energy + Power,developer,NY,5.0,20.0,2025.0,8200000,NYCIDA total development cost (Mar 2024 notice),Medium,https://edc.nyc/sites/default/files/2024-02/IDA-Public-Hearing-Notice-March-7-2024-Public-Hearing.pdf,Added 2 Oct 2026; unusually low; verify,True,built?; budget/estimate,tier2
NineDot Wintergreen / Hunts Point BESS (Bronx),NineDot Energy,developer,NY,19.6,78.3,2027.0,78200000,NYCIDA cost/benefit analysis + 12 Mar 2024 board minutes,Medium,https://edc.nyc/sites/default/files/2024-01/Wintergreen%20Clean%20Energy%20LLC%20PHP_Redacted.pdf,Added 2 Oct 2026; NYSERDA records it at 19.6 MW / 78.3 MWh with $9.8M incentive (not netted),True,not built (planned/under development),excluded
NineDot Blue Aster BESS (Hinsdale St Brooklyn),NineDot Energy,developer,NY,14.7,58.8,2026.0,48800000,NYCIDA cost/benefit analysis (Jul 2024),Medium,https://edc.nyc/sites/default/files/2024-07/Blue%20Aster%20Public%20Hearing%20Package_Redacted.pdf,Added 2 Oct 2026; 14.7 MW aggregate (three units),True,not built (planned/under development),excluded
Convergent East Bay Ave Energy Storage 1 (Bronx),Convergent Energy + Power,developer,NY,5.0,20.0,2026.0,19513450,NYCIDA budget (latest of three filings: $12.05M notice Sep 2024; $17.74M core application; $19.51M budget),Medium,https://edc.nyc/sites/default/files/2024-09/East%20Bay%20Energy%20PHP%20v2.pdf,Added 2 Oct 2026; three figures across filings; latest budget used,True,not built (planned/under development),excluded
NineDot Devoe Ave BESS (Bronx),NineDot Energy,developer,NY,9.8,39.2,2026.0,34970000,NYCIDA notice and IDA resolution (Nov 2024); budget $38.467M; City Record $20M,Medium,https://edc.nyc/sites/default/files/2024-11/Devoe_Public%20Hearing%20Package_Redacted.pdf,Added 2 Oct 2026; notice/resolution figure used,True,not built (planned/under development),excluded
NineDot Seneca Lake / Boston Rd BESS (Bronx),NineDot Energy,developer,NY,19.6,39.2,2027.0,25660000,NYCIDA cost/benefit analysis (Mar 2025): about $10M construction + $14.7M equipment,Low,https://edc.nyc/sites/default/files/2025-03/Seneca%20Lake_Public%20Hearing%20Package_Redacted.pdf,Added 2 Oct 2026; EXCLUDE from regression until verified (one excerpt gave $227.8M),False,not built (planned/under development),excluded
Soltage Brigis 2 / Maspeth ESS (Queens),Soltage,developer,NY,20.0,80.0,2027.0,80697545,NYCIDA cost/benefit analysis (Sep 2025),Medium,https://edc.nyc/sites/default/files/2025-09/Soltage%20Brigis%202%20PHP%20Redacted.pdf,Added 2 Oct 2026,True,not built (planned/under development),excluded
Convergent 720 E 144th St Energy Storage 1 (Bronx),Convergent Energy + Power,developer,NY,5.0,20.0,2026.0,17806000,NYCIDA notice Sep 2025 (City Record $17.806M; IDA agenda budget $19.587M),Medium,https://edc.nyc/sites/default/files/2025-09/September%20NYCIDA%20Agenda%20and%20Resolutions.pdf,Added 2 Oct 2026; notice figure used,True,not built (planned/under development),excluded
NineDot Eastern Towhee A/B (Centre St Brooklyn),NineDot Energy,developer,NY,9.8,39.2,2027.0,32600000,NYCIDA notice (City Record Jun 2026),Medium,https://a856-cityrecord.nyc.gov/RequestDetail/20260617040,Added 2 Oct 2026,True,not built (planned/under development),excluded
Soltage McDonald BESS (46th St Maspeth),Soltage,developer,NY,5.0,20.0,2025.0,62765404,NYCIDA total project cost (Mar 2024 notice) as excerpted,Low,https://edc.nyc/sites/default/files/2024-02/IDA-Public-Hearing-Notice-March-7-2024-Public-Hearing.pdf,Added 2 Oct 2026; EXCLUDE (probable error; same notice lists Brigis 1A at $16.1M),False,built?; budget/estimate,tier2
Con Edison Storage on Demand mobile BESS (with NRG),Con Edison,IOU,NY,1.0,4.0,2018.0,7600000,REV demonstration budget (Utility Dive),Medium,https://www.utilitydive.com/news/coned-nrg-partner-on-4-mwh-mobile-battery-storage-demo-for-rev-docket/437125/,Added 2 Oct 2026; EXCLUDE (demonstration; mobile),False,built?; budget/estimate,tier2
East Hampton Energy Storage Center (NextEra for LIPA),NextEra Energy Resources,developer,NY,5.0,40.0,2018.0,55000000,contract value to LIPA (East Hampton Star),Low,https://www.easthamptonstar.com/government/202376/after-fire-substation-new-battery-worries,Added 2 Oct 2026; EXCLUDE (contract value),False,built?; contract price,tier2
Soldotna BESS (37 Megapacks),Homer Electric Association,muni/coop,AK,46.5,93.0,2022.0,40000000,reported up-front capital (about $40M),Medium,https://www.akbizmag.com/,Added 2 Oct 2026 (US research pass),True,built?; budget/estimate,tier2
Power Creek BESS (Cordova),Cordova Electric Cooperative,muni/coop,AK,1.0,0.92,2019.0,2000000,itemized project total (DOE EAC presentation),High,https://www.energy.gov/sites/prod/files/2019/10/f68/EAC_Storage_Koplin.pdf,Added 2 Oct 2026; sub-1 MWh remote microgrid; outlier by design,True,built; actual/final cost,tier1
El Centro BESS (IID),Imperial Irrigation District,public power,CA,30.0,20.0,2017.0,38000000,IID / GE turnkey deal value,Medium,https://www.greentechmedia.com/,Added 2 Oct 2026; 40-minute system; pre-2018,True,built?; contract price,tier2
LADWP Beacon Energy Storage System,Los Angeles Department of Water and Power,muni/coop,CA,20.0,10.0,2018.0,19200000,board-approved Doosan GridTech contract value,Medium,https://www.energy-storage.news/municipal-utility-ladwp-to-increase-reliability-keep-rates-low-with-20mw-energy-storage-system/,Added 3 Oct 2026 (third research pass); 0.5-h system,True,built?; contract price,tier2
Thurcroft BESS [UK],Gresham House Energy Storage Fund,developer,England (UK),50.0,75.0,2020.0,41300000,total enterprise value of construction-ready project incl. build GBP 32.5M (converted at 1.27 USD/GBP),Medium,https://theenergyst.com/gresham-house-buys-50mw-battery-project-on-track-for-330mw/,Added 3 Oct 2026; FX 1.27; up to GBP 0.75M contingent excluded,True,built?; budget/estimate,tier2
Wickham Market BESS [UK],Gresham House Energy Storage Fund,developer,England (UK),50.0,74.0,2020.0,41600000,total enterprise value incl. build GBP 32.75M (converted at 1.27 USD/GBP),Medium,https://www.solarpowerportal.co.uk/news/gresham_house_acquires_another_50mw_battery_project_for_32.75m,Added 3 Oct 2026; FX 1.27,True,built?; budget/estimate,tier2
Lake Bonney BESS [AUSTRALIA],Infigen Energy (now Iberdrola Australia),developer,SA (Australia),25.0,52.0,2019.0,26600000,ASX release: about AUD 38M development (converted at 0.70 USD/AUD),Medium,https://iberdrola.com.au/assets/Documents/Investment-in-Lake-Bonney-Battery-Energy-Storage-System.pdf,Added 3 Oct 2026; FX 0.70,True,built?; budget/estimate,tier2
Hornsdale Power Reserve expansion [AUSTRALIA],Neoen,developer,SA (Australia),50.0,64.5,2020.0,49700000,ARENA release: total project cost AUD 71M incl. development and finance (converted at 0.70 USD/AUD),Medium,https://arena.gov.au/news/worlds-largest-scale-battery-set-to-get-even-bigger,Added 3 Oct 2026; FX 0.70,True,built?; budget/estimate,tier2
Wallgrove Grid Battery [AUSTRALIA],Transgrid,IOU,NSW (Australia),50.0,75.0,2021.0,46400000,ARENA / minister release: total project cost AUD 61.9M (converted at 0.75 USD/AUD),Medium,https://www.minister.industry.gov.au/ministers/taylor/media-releases/energy-storage-project-strengthen-grid-reliability-nsw,Added 3 Oct 2026; FX 0.75; transmission utility-owned,True,built?; budget/estimate,tier2
Broken Hill BESS [AUSTRALIA],AGL Energy,developer,NSW (Australia),50.0,50.0,2023.0,27500000,ARENA release: total project cost AUD 41M (converted at 0.67 USD/AUD),Medium,https://www.minister.industry.gov.au/ministers/taylor/media-releases/broken-hill-big-battery-gets-arena-boost,Added 3 Oct 2026; FX 0.67,True,built?; budget/estimate,tier2
Bouldercombe Battery [AUSTRALIA],Genex Power,developer,QLD (Australia),50.0,100.0,2023.0,40200000,ASX: total capital budget AUD 60M incl. finance costs and contingency (converted at 0.67 USD/AUD),Medium,https://announcements.asx.com.au/asxpdf/20230628/pdf/05r1qbx01kh8k6.pdf,Added 3 Oct 2026; FX 0.67,True,built?; budget/estimate,tier2
Wandoan South BESS [AUSTRALIA],Vena Energy,developer,QLD (Australia),100.0,150.0,2021.0,90000000,project cost at financial close AUD 120M (converted at 0.75 USD/AUD),Medium,https://pv-magazine.com/2020/12/16/ing-finances-100-mw-150-mwh-storage-project-in-australia,Added 3 Oct 2026; FX 0.75; above 100 MWh (regression only),False,built?; budget/estimate,tier2
Chinchilla Battery [AUSTRALIA],CS Energy (Queensland state-owned),other (state-owned utility),QLD (Australia),100.0,200.0,2024.0,100000000,CS Energy fact sheet: AUD 150M investment (converted at 0.67 USD/AUD),Medium,https://www.csenergy.com.au/what-we-do/batteries/chinchilla-battery,Added 3 Oct 2026; FX 0.67; above 100 MWh (regression only),False,built?; budget/estimate,tier2
Hazelwood BESS [AUSTRALIA],Engie / Eku Energy,developer,VIC (Australia),150.0,150.0,2023.0,100000000,press: estimated project cost AUD 150M (converted at 0.67 USD/AUD),Medium,https://www.pv-magazine-australia.com/2021/12/02/engie-begins-construction-of-150-mw-big-battery-at-hazelwood-site,Added 3 Oct 2026; FX 0.67; above 100 MWh (regression only),False,built?; budget/estimate,tier2
Nova Scotia Power BESS portfolio (Bridgewater + White Rock + Spider Lake) [CANADA],Nova Scotia Power,IOU,NS (Canada),150.0,600.0,2026.0,262000000,NSUARB-approved capital CAD 354M for three 50 MW / 200 MWh sites (converted at 0.74 USD/CAD),Medium,https://energy-storage.news/nova-scotia-regulators-approve-ca354-million-bess-portfolio-in-atlantic-canadian-province,Added 3 Oct 2026; FX 0.74; portfolio row; above 100 MWh (regression only),False,not built (planned/under development),excluded
Tilbury Battery Storage [CANADA],Boralex / Walpole Island First Nation,developer,ON (Canada),80.0,320.0,2025.0,125800000,Ontario government release: project cost CAD 170M (converted at 0.74 USD/CAD),Medium,https://www.ess-news.com/2025/01/10/boralex-and-walpole-island-first-nation-announce-the-closing-of-a-172-million-financing/,Added 3 Oct 2026; FX 0.74; above 100 MWh (regression only),False,built?; budget/estimate,tier2
Jurassic BESS [CANADA],Northland Power,developer,AB (Canada),80.0,160.0,2026.0,88800000,estimated total cost at financial close about CAD 120M (converted at 0.74 USD/CAD),Medium,https://energy-storage.news/northland-secures-financing-for-80mw-160mwh-alberta-bess,Added 3 Oct 2026; FX 0.74; above 100 MWh (regression only),False,not built (planned/under development),excluded
Kapolei Energy Storage,Plus Power,developer,HI,185.0,565.0,2023.0,251800000,HPUC docket estimate as reported (USD 1361 per kW); developer declined to confirm final cost,Low,https://pv-magazine-usa.com/?p=7423,Added 3 Oct 2026; EXCLUDE pending verification (Low); above 100 MWh,False,built; actual/final cost,tier1
Hemingway BESS (Idaho Power),Idaho Power,IOU,ID,80.0,320.0,2023.0,100456659,IPUC Staff comments IPC-E-22-13: soft cap on utility-owned cost,High,https://puc.idaho.gov/Fileroom/PublicFiles/ELEC/IPC/IPCE2213/Staff/20220830Comments-Redacted.pdf,Added 3 Oct 2026 (third research pass); above 100 MWh (regression only),False,built?; budget/estimate,tier2
Roadrunner Reserve (TEP),Tucson Electric Power,IOU,AZ,200.0,800.0,2025.0,294000000,SEC 8-K exhibit press release ($294M),Medium,https://www.sec.gov/Archives/edgar/data/100122/000010012223000028/a2023ex991tepbatteryenergy.htm,Added 3 Oct 2026; above 100 MWh (regression only),False,built?; budget/estimate,tier2
Roadrunner Reserve II (TEP),Tucson Electric Power,IOU,AZ,200.0,800.0,2026.0,350000000,utility statement via local press (about $350M),Medium,https://www.kgun9.com/news/community-inspired-journalism/southeast-side-news/tucson-electric-power-doubles-battery-storage-capacity-at-roadrunner-reserve-facility,Added 3 Oct 2026; above 100 MWh (regression only),False,not built (planned/under development),excluded
Trenton Channel BESS (DTE),DTE Electric,IOU,MI,220.0,880.0,2026.0,460000000,MPSC approval as reported: DTE range $423M-$460M pre-ITC,Medium,https://www.energy-storage.news/us-utility-dte-starts-220mw-880mwh-bess-project-at-michigan-coal-plant-site/,Added 3 Oct 2026; upper end of range used; above 100 MWh (regression only),False,not built (planned/under development),excluded
Weadock BESS (Consumers Energy),Consumers Energy,IOU,MI,45.0,180.0,2026.0,70000000,local press (township review): about $70M,Low,https://www.wnem.com/2026/01/27/local-township-considers-battery-energy-storage-system/,Added 3 Oct 2026; EXCLUDE pending verification (Low-Medium),False,not built (planned/under development),excluded
Frontier Energy Storage (OG&E),Oklahoma Gas & Electric,IOU,OK,302.0,1208.0,2027.0,394000000,OCC approval as reported (about $394M),Medium,https://www.kgou.org/energy/2026-08-11/battery-energy-storage-ramps-up-in-oklahoma-after-state-regulator-approval,Added 3 Oct 2026; above 100 MWh (regression only),False,not built (planned/under development),excluded
Edgewater BESS (Alliant / WPL),Wisconsin Power & Light (Alliant),IOU,WI,99.0,396.0,2025.0,200000000,utility press release / PSCW application: anticipated project cost about $200M,Medium,https://www.alliantenergy.com/news/news-center/2023/02/020123-edgewaterbattery,Added 3 Oct 2026; 4-h assumed per source; above 100 MWh (regression only),False,built?; budget/estimate,tier2
Sierra Solar storage portion (NV Energy),NV Energy,IOU,NV,400.0,1600.0,2026.0,731000000,PUCN IRP approval; storage portion $731M of $1.5B (solar $734M; transmission $71M) per business press,Medium,https://now.solar/2026/06/17/nv-energys-1-5-billion-solar-facility-in-churchill-county-on-target-northern-nevada-business-weekly/,Added 3 Oct 2026; above 100 MWh (regression only),False,not built (planned/under development),excluded
Asheville Rock Hill substation BESS (Duke Energy Progress),Duke Energy Progress,IOU,NC,9.0,9.0,2020.0,15000000,utility statement / trade press: almost $15M,Medium,https://www.solarpowerworldonline.com/2020/08/north-carolinas-largest-energy-storage-system-now-online-in-asheville/,Added 3 Oct 2026; 1-h system; $15M used,True,built?; budget/estimate,tier2
Babcock Ranch storage add-on (FPL),Florida Power & Light,IOU,FL,10.0,40.0,2018.0,15000000,FPL statement via Utility Dive: about $15M for the battery,Medium,https://www.utilitydive.com/news/fpl-adds-40-mwh-battery-to-solar-array-claiming-largest-combined-system/518959/,Added 3 Oct 2026,True,built?; budget/estimate,tier2
Panton battery (Green Mountain Power),Green Mountain Power,IOU,VT,1.0,4.0,2018.0,3000000,Vermont PUC CPG coverage: $3.0M battery (solar about $11M separate),Medium,https://www.vermontpublic.org/vpr-news/2018-01-25/green-mountain-power-receives-state-permit-for-panton-solar-battery-system,Added 3 Oct 2026,True,built?; budget/estimate,tier2
Oglethorpe Power three-site BESS (GRIP),Oglethorpe Power Corporation,muni/coop,GA,75.0,300.0,2030.0,240000000,Oglethorpe FY2024 10-K: estimated total cost about $240M before grant proceeds,Medium,https://www.sec.gov/Archives/edgar/data/788816/000162828025015552/opc-20241231.htm,Added 3 Oct 2026; portfolio row; above 100 MWh (regression only),False,not built (planned/under development),excluded
Homer Electric second BESS (Soldotna area 45 MW / 4-h),Homer Electric Association,muni/coop,AK,45.0,180.0,2027.0,112000000,NRECA via USDA PACE: roughly $112M project; $100M PACE loan (60% forgivable),Medium,https://www.electric.coop/co-op-energy-storage-projects-get-boost-from-new-pace-awards,Added 3 Oct 2026; distinct from the 2022 Soldotna 93 MWh system; above 100 MWh (regression only),False,not built (planned/under development),excluded
