project,owner,owner_type,state,iso,mw,mwh,cod_year,cost_usd,cost_basis,scope,site_type,source_url,confidence,notes
Outer Cape (Provincetown) BESS,Eversource (NSTAR Electric),IOU,MA,ISO-NE,25,38,2022,49000000,final/actual (as reported),"all-in incl. 8,000 sf building, fiber-optic control network and Provincetown loop circuitry (microgrid)","existing municipal site (town transfer station), distribution-connected",https://provincetownindependent.org/featured/2026/05/13/eversource-will-upgrade-exposed-poles-on-shore-road/,Medium,DPU 17-05 (2017) approved budget range $35-45M; $49M final per Provincetown Independent and capecod.com reporting; cost includes non-battery microgrid/fiber scope
Nantucket BESS,National Grid (Massachusetts Electric),IOU,MA,ISO-NE,6,48,2019,81000000,final/actual (as reported),all-in incl. new 15 MW diesel generator and power control house,"existing utility site (Bunker Rd), distribution/island",https://www.renewableenergyworld.com/energy-storage/battery/6-mw-48-mwh-battery-storage-system-unveiled-on-nantucket-island-in-massachusetts/,Medium,Tesla Powerpack 8-hour; $81M includes generator - battery-only cost not disclosed; alternative was ~$200M third submarine cable
Martha's Vineyard BESS Phase 1 (cancelled),Eversource (NSTAR Electric),IOU,MA,ISO-NE,4.9,20,2019,15000000,estimate (DPU 18-155 filing),all-in utility capital estimate,greenfield adjacent to Oak Bluffs substation,https://www.microgridknowledge.com/distributed-energy/article/11429907/eversource-pushes-ahead-with-147-mw-battery-project-on-marthas-vineyard,Medium,cod_year = DPU approval year (2019); Eversource cancelled project May 2021; never built
Martha's Vineyard BESS Phase 2 (cancelled),Eversource (NSTAR Electric),IOU,MA,ISO-NE,9.8,64,2019,28000000,estimate (DPU 18-155 filing),all-in utility capital estimate,greenfield adjacent to Oak Bluffs substation,https://www.microgridknowledge.com/distributed-energy/article/11429907/eversource-pushes-ahead-with-147-mw-battery-project-on-marthas-vineyard,Medium,cod_year = DPU approval year (2019); planned COD 2023; cancelled May 2021
Sterling MLD Chocksett Road BESS,Sterling Municipal Light Department,muni/coop,MA,ISO-NE,2,3.9,2016,2700000,final/actual (as reported),turnkey battery + installation (NEC Energy Solutions),existing substation,https://www.cesa.org/resource-library/resource/project-overview-sterling-municipal-energy-storage-project/,Medium,$1.4M MA DOER resiliency grant + $250k DOE grant; commissioned Dec 2016
Pomona (Ladentown) BESS,Orange & Rockland Utilities (Con Edison),IOU,NY,NYISO,3,12,2021,7400000,final/actual (utility press release),all-in utility-owned (developed/built by Key Capture Energy),"existing substation (adjacent Ladentown substation, O&R property)",https://www.oru.com/en/about-us/media-center/news/2021/04-20/oru-key-capture-energy-begins-operations-at-orus-first-energy-storage-facility,High,4-hour; first O&R storage facility
Salem Smart Power Center,Portland General Electric,IOU,OR,non-ISO (WECC NW),5,1.25,2013,23000000,final/actual (demonstration total),"all-in demonstration incl. building, microgrid, smart-grid controls; DOE cost-share (PNW Smart Grid Demo)",greenfield industrial site (SE Salem),https://investors.portlandgeneral.com/news-releases/news-release-details/portland-general-electric-opens-salem-smart-power-center-along,High,EnerDel Li-ion 5 MW/1.25 MWh; R&D demo - not representative of commercial cost
Waena BESS (Maui),Hawaiian Electric (Maui Electric),IOU,HI,non-ISO (island),40,160,2027,82100000,approved budget/estimate (HPUC Dec 2023),all-in purchase and installation; EPRM cost recovery,greenfield on utility land adjacent Waena switchyard,https://www.sec.gov/Archives/edgar/data/0000354707/000035470726000054/he-20260630.htm,High,Original 2020 estimate $60M; July 2025 PUC allowed recovery up to +20% over estimate for tariff-driven cost changes; $27.2M incurred as of 6/30/2026; Tesla Megapack
Arlington Microgrid,Snohomish County PUD,muni/coop,WA,non-ISO (WECC NW),1,1.4,2020,12000000,final/actual (as reported),"all-in microgrid incl. 500 kW solar, Clean Energy Center building, V2G, controls",greenfield at PUD Arlington office site,https://www.snopud.com/community-environment/our-energy-future/projects/arlington-microgrid-project/,Medium,$3.5M WA Clean Energy Fund grant; battery-only cost not separated
Reid Gardner BESS,NV Energy (Berkshire Hathaway Energy),IOU,NV,non-ISO (WECC; EIM),220,440,2023,257000000,final/actual (as reported),all-in,coal-site (retired Reid Gardner Generating Station),https://reviewjournal.com/business/energy/nv-energy-cuts-ribbon-on-257m-facility-meant-to-boost-solar-energy-3040299,Medium,Energy Vault EPC; ~40% (~$100M) of cost offset by IRA tax credits; PUCN approved 2022
Constable (Evergreen) BESS,Portland General Electric,IOU,OR,non-ISO (WECC NW),75,300,2024,156000000,"final/actual (Electric Utility Plant recorded incl. AFUDC, 10-K)",rate-base capital incl. AFUDC (EPC by Mortenson),greenfield (Hillsboro),https://www.sec.gov/Archives/edgar/data/784977/000078497725000012/por-20241231.htm,High,4-hour; COD Dec 2024
Seaside BESS,Portland General Electric,IOU,OR,non-ISO (WECC NW),200,800,2025,360000000,"contract price (fixed-cost build-transfer agreement, excl. AFUDC)",EPC/BTA turnkey excl. AFUDC,greenfield (North Portland),https://www.sec.gov/Archives/edgar/data/784977/000078497725000012/por-20241231.htm,High,Eolian BTA; OPUC Order 25-417 rate base $220M net of $125M ITC; COD July 2025
Essex Solar + Storage,Green Mountain Power,IOU,VT,ISO-NE,2,8,2022,14300000,estimate (development + interconnection),"all-in incl. 4.9 MW solar (18,326 panels) and interconnection",greenfield,https://vtdigger.org/2022/09/29/green-mountain-power-expands-battery-storage-to-avoid-buying-energy-from-the-grid/,Medium,Tesla Powerpack 2 MW/4-hour; cost includes solar - not separable
Northern New York (Chateaugay) BESS,New York Power Authority,other (state power authority),NY,NYISO,20,20,2023,29800000,approved budget (NYPA Trustees),all-in,existing substation (adjacent NYPA Willis substation),https://nypa.gov/news/press-releases/2023/20230825-utility,High,1-hour system; initial $23.8M approval + $6M added
Ozone Park BESS,Con Edison,IOU,NY,NYISO,1.5,12,2019,15000000,estimate (utility spokesman: 'about $15 million'),all-in facility,"utility property in Ozone Park, Queens (distribution)",https://ny1.com/nyc/queens/news/2019/05/10/con-ed-creates-battery-farm-to-address-summer-strain-on-power-grid,Low,8-hour; some sources cite 2 MW; cost figure is an informal spokesman statement
Hot Springs Microgrid,Duke Energy Progress,IOU,NC,non-ISO (SERC),4.4,,2023,14500000,final/actual (as reported),all-in microgrid incl. 2 MW(AC) solar and controls,greenfield (town of Hot Springs),https://www.theassemblync.com/business/hot-springs-microgrid-duke-energy/,Medium,Battery cited as 4 MW/16 MWh in NCUC filings and 4.4 MW in Duke releases; MWh left blank (not confirmed in retrieved excerpts); 2017 announcement put Hot Springs + Asheville combined at ~$30M
"Virginia battery pilot portfolio (Scott Solar 10+2 MW, New Kent 2 MW, Hanover/Ashland 2 MW)",Dominion Energy Virginia,IOU,VA,PJM,16,,2022,33000000,"estimate (SCC filing, 2019)",all-in construction,mixed: solar co-located (Scott Solar) and substation sites,https://www.tdworld.com/distributed-energy-resources/energy-storage/article/20972946/dominion-energy-announces-battery-storage-pilot-projects,Medium,Scott Solar units are 4-hour (48 MWh); MWh for 2 MW units not confirmed so total left blank; SCC approved Feb 2020; Scott Solar operational 2022
Glacier BESS,Puget Sound Energy,IOU,WA,non-ISO (WECC NW),2,4.4,2016,11200000,final/actual (PSE $7.4M + $3.8M state grant),all-in demonstration,existing substation (adjacent Glacier substation),https://www.pse.com/en/pages/grid-modernization/glacier-demo-project,High,WA Dept of Commerce $3.8M Smart Grid grant; PNNL performance reports
Chugach BESS (Southcentral Power Project site),Chugach Electric Association (75%) / Matanuska Electric Association (25%),muni/coop,AK,non-ISO (Railbelt),40,80,2024,65000000,final/actual (as reported),all-in,existing generation site (adjacent SPP plant),https://www.chugachelectric.com/your-cooperative/news-community/news-releases/2024/10/7/battery-energy-storage-system-officially-commissioned,High,"24 Tesla Megapacks; ADN reported $63M in 2023, $65M at 2024 commissioning; may qualify for ITC"
Trenton Channel Energy Center BESS,DTE Electric,IOU,MI,MISO,220,880,2026,460000000,"approved estimate (MPSC, 2024)",all-in incl. new substation and transmission tie,coal-site (retired Trenton Channel plant),https://www.energy-storage.news/us-utility-dte-starts-220mw-880mwh-bess-project-at-michigan-coal-plant-site/,Medium,Powin LFP; ~$140M IRA tax credits offset; planned COD 2026
Roadrunner Reserve (Phase 1),Tucson Electric Power,IOU,AZ,non-ISO (WECC SW),200,800,2025,294000000,estimate at announcement (2023),EPC turnkey (DEPCOM Power),greenfield (SE Tucson),https://tucson.com/news/local/business/article_95df9266-623a-11ee-8f58-8bdd862facf6.html,Medium,TEP later described the first 200 MW as a '$350 million investment' (tep.com) - unclear whether $350M is updated Phase 1 cost or Phase 2; both reported
Roadrunner Reserve 2 (Phase 2),Tucson Electric Power,IOU,AZ,non-ISO (WECC SW),200,800,2026,350000000,estimate (utility statement),all-in,existing site expansion (adjacent Phase 1),https://www.tep.com/roadrunner/,Medium,"Online June 2026 per TEP; combined 400 MW / 1,600 MWh"
Minnesota utility-owned distribution battery program (200 MW),Xcel Energy (Northern States Power-MN),IOU,MN,MISO,200,,2026,430000000,"approved program budget (MPUC, 2026)",rate-base program capital (multiple distribution sites),distribution substations (various),https://www.utilitydive.com/news/minnesota-approves-xcels-controversial-utility-owned-virtual-power-plant/816673/,Medium,"Programmatic, not a single project; PUC approved 200 MW with interim assessment at 50 MW; duration not confirmed in retrieved excerpt"
Harding Street BESS,Indianapolis Power & Light (AES Indiana),IOU,IN,MISO,20,20,2016,25000000,estimate at announcement (2015),all-in,existing generation site (Harding Street station),https://www.utilitydive.com/news/indianapolis-power-light-to-invest-25m-in-storage-facility/399502/,Medium,First MISO grid battery; primary frequency response; placed in rate base
Kingsbery Community Solar + Storage,Austin Energy,muni/coop,TX,ERCOT,1.5,3,2016,3000000,final/actual (as reported),all-in battery incl. install at community solar site,existing substation (Kingsbery) with community solar,https://www.statesman.com/story/news/2016/09/04/austin-energy-poised-to-test-its-first-energy-storage-system/9995279007/,Medium,$1M TCEQ grant; Tesla battery (Younicos integrator)
"Nova Scotia BESS portfolio (Bridgewater, Waverley, White Rock; 3 x 50 MW) [CANADA]",Nova Scotia Power (Emera) with Wskijnu'k Mtmo'taqnuow Agency,IOU,NS (Canada),non-ISO (NS Power),150,600,2026,258000000,approved budget (NSUARB) incl. AFUDC,rate-base capital incl. AFUDC,greenfield (3 sites),https://www.cbc.ca/news/canada/nova-scotia/nsp-battery-storage-system-approved-1.7235197,High,Reported C$354M incl AFUDC; converted at ~0.73 USD/CAD (approximate); C$109M NRCan grant + C$138.2M CIB loan; 4-hour
Guam ESS (Agana 24 MW/6 MWh + Talofofo 16 MW/16 MWh),Guam Power Authority,muni/coop,GU,non-ISO (island),40,22,,43000000,"contract price (turnkey, 2017)",EPC turnkey (LG CNS),existing substations,https://www.utilitydive.com/news/lg-subsidiary-will-install-40-mw-of-batteries-on-guam/444490/,Medium,Two systems under one $43M contract; 12-month delivery from 2017; reported operating by 2021; COD year not confirmed in excerpts
Fairhaven BESS,Baltimore Gas & Electric (Exelon),IOU,MD,PJM,2.5,9.74,2023,16161336,final/actual (reported to MD PSC),all-in utility-owned,existing substation (Fairhaven),https://psc.maryland.gov/wp-content/uploads/Energy-Storage-Pilot-Program-Interim-Report.pdf,High,"Initial estimate $9,841,000; actual $16,161,336; MWh cited as 7.1 (proposal) and 9.74 (interim report); PJM frequency regulation + winter peak"
Regina BESS [CANADA],SaskPower,other (crown utility),SK (Canada),non-ISO (SaskPower),20,,2024,25000000,final/actual (as reported),all-in,greenfield (Regina),https://www.cbc.ca/news/canada/saskatchewan/saskpower-battery-energy-storage-1.7253756,High,Reported C$34M (initial estimate C$26M); converted at ~0.74 USD/CAD; federal contribution C$13.1M; MWh not confirmed in retrieved excerpt
Stafford Hill Solar + Storage (Rutland),Green Mountain Power,IOU,VT,ISO-NE,4,3.4,2015,4200000,final/actual (storage component),battery + inverters (storage share of $10M project),greenfield (capped landfill) with 2.5 MW solar,https://www.cleanegroup.org/initiatives/technical-assistance-fund/featured-installations/stafford-hill/,Medium,Mixed chemistry: 2 MW/1 MWh Li-ion + 2 MW/2.4 MWh advanced lead-acid; solar portion ~$5.77M
Westside Canal BESS Phase 2a,San Diego Gas & Electric (Sempra),IOU,CA,CAISO,119,,2024,267900000,approved estimate (CPUC),all-in utility-owned,"existing site (adjacent Westside Canal Phase 1, Imperial Valley)",https://www.sempra.com/newsroom/press-releases/sdge-expands-energy-storage-capabilities-enhance-grid-resiliency-and,High,COD Dec 2024; duration/MWh not confirmed in retrieved excerpt (SDG&E portfolio is predominantly 4-hour)
Westside Canal BESS Phase 2b (expansion),San Diego Gas & Electric (Sempra),IOU,CA,CAISO,100,,2025,224500000,"approved estimate (CPUC, Mar 2025)",all-in utility-owned,existing site expansion (Imperial Valley),https://www.sempra.com/newsroom/press-releases/sdge-expands-energy-storage-capabilities-enhance-grid-resiliency-and,High,Adds 100 MW to existing 131 MW facility; projected fully operational June 2025; MWh not confirmed
Smarter Network Storage (Leighton Buzzard) [UK],UK Power Networks,IOU (regulated DNO),Bedfordshire (UK),GB (National Grid ESO),6,10,2014,29000000,final (project budget),all-in demonstration incl. trials/R&D (Low Carbon Networks Fund),existing primary substation,https://innovation.ukpowernetworks.co.uk/projects/smarter-network-storage-sns,High,Reported GBP 18.7M; converted at ~1.55 USD/GBP (2014); Samsung SDI/S&C/Younicos
Dalrymple ESCRI BESS [AUSTRALIA],ElectraNet (transmission network service provider),IOU (regulated TNSP),SA (Australia),NEM,30,8,2018,22200000,final/actual (as reported),all-in,existing substation (Dalrymple),https://arena.gov.au/news/grid-scale-escri-battery-charges-up-in-south-australia/,High,Reported A$30M; converted at ~0.74 USD/AUD (2018); A$12M ARENA grant later repaid; operated by AGL under lease
Oneida Energy Storage [CANADA],Northland Power / Six Nations of the Grand River / NRStor / Aecon,IPP,ON (Canada),IESO,250,1000,2025,511000000,final/actual (reported ~C$700M vs C$800M budget),all-in,greenfield (Haldimand County),https://www.northlandpower.com/en/news/press-release/northland-power-announces-commercial-operations-at-oneida-energy-storage-project-canadas-largest-bat.aspx,High,Converted at ~0.73 USD/CAD; CIB loan; IESO capacity contract; COD May 2025
SwRI Solar + Storage (5 MW PV + 10 MW BESS),CPS Energy,muni/coop,TX,ERCOT,10,10,2019,16300000,approved budget (CPS Board),all-in incl. 5 MW solar,"greenfield (SwRI land, San Antonio)",https://www.powermag.com/press-releases/cps-energy-launches-solar-energy-and-battery-storage-project/,Medium,$3M TCEQ NTIG grant; cost includes solar - not separable
"SCE substation BESS portfolio (Springvale 225 MW, Hinson 200 MW, Etiwanda 112.5 MW)",Southern California Edison,IOU,CA,CAISO,537.5,2150,2022,1226000000,"contract price (EPCM contract, CPUC-authorized Dec 2021)",EPC + maintenance (Ameresco EPCM),existing substations,https://www.cpuc.ca.gov/news-and-updates/all-news/cpuc-approves-energy-storage-contract-for-sce,High,4-hour; emergency reliability procurement under 2021 Governor's proclamation; aggregate of three sites
Whitehorse Grid-Scale BESS [CANADA],Yukon Energy,other (crown utility),YT (Canada),non-ISO (Yukon isolated grid),7,40,,23600000,"estimate (2020$, +/-30%, Yukon Utilities Board application)",all-in,greenfield (Whitehorse),https://yukonenergy.ca/energy-in-yukon/projects-facilities/battery-storage,High,Reported C$31.7M; converted at ~0.745 USD/CAD; C$16.5M federal grant; SunGrid Solutions EPC; COD not confirmed in retrieved excerpts (planned 2023)
Rock Hill (Asheville) substation BESS,Duke Energy Progress,IOU,NC,non-ISO (SERC),9,,2020,15000000,estimate (upper bound: 'less than $15 million'),all-in,"existing substation (Rock Hill, Sweeten Creek Rd)",https://news.duke-energy.com/releases/north-carolinas-largest-battery-system-now-operating-at-duke-energy-substation,Medium,Cost is an upper bound; MWh not confirmed; 2017 announcement: Hot Springs + Asheville ~$30M combined
"Morro Bay BESS (proposed, not built)",Vistra,IPP,CA,CAISO,600,2400,,550000000,"estimate ($500-600M, developer statement)",all-in,existing retired gas plant site (Morro Bay),https://esterobaynews.com/featured-stories/vistra-proposes-worlds-biggest-battery-storage-facility/,Low,Midpoint of $500-600M range; local approval not obtained; project status uncertain/reportedly shelved; cod_year blank
Kwinana BESS Stage 1 [AUSTRALIA],Synergy (WA state-owned utility),other (state-owned utility),WA (Australia),SWIS/WEM,100,200,2023,103500000,final (as reported),all-in,coal-site (decommissioned Kwinana Power Station),https://www.pv-magazine-australia.com/2023/05/15/wa-plans-bigger-batteries-as-200-kwinana-system-put-to-test/,Medium,Reported A$155M (USD 103.5M as stated by source); state/federal funded
WindCharger [CANADA],TransAlta Renewables,IPP,AB (Canada),AESO,10,20,2020,11000000,final/actual (total capital cost),all-in,existing wind farm site (Summerview II),https://renewablesnow.com/news/transalta-renewables-10-mw-wind-powered-battery-reaches-cod-in-alberta-717754/,Medium,Reported C$14.5M (USD 11M as stated by source); ~50% ERA grant; Tesla Megapack
Weld Energy Storage (for Platte River Power Authority),Weld Energy Storage LLC (NextEra Energy Resources),IPP,CO,non-ISO (WECC),,400,2026,141000000,estimate (reported project cost),all-in,greenfield (Weld County),https://coloradobiz.com/platte-river-energy-storage-weld-county-battery-project/,Medium,IPP-owned under long-term storage agreement with Platte River; MW not confirmed in retrieved excerpt; planned COD late 2026
Glenarm BESS (for Pasadena Water & Power),Glenarm BESS LLC (EPC Energy SPE),IPP,CA,CAISO,25,100,2027,55300000,contract price (15-year services contract value),contract value - not a construction cost,existing gas plant site (Glenarm Power Plant),https://pasadenanow.com/main/city-committee-unanimously-approves-100-million-long-term-contracts-for-renewable-energy-battery-energy-storage,Medium,$9.6M CEC DEBA grant to PWP; 4-hour; planned COD 2027; treat as contract value not capex
NineDot Arthur Kill Road BESS (Staten Island),NineDot Energy (GB Arthur Kill Storage LLC),developer,NY,NYISO,9.8,39.1,2025,43384000,NYCIDA project budget (inducement resolution Apr 2024),all-in developer-owned (total project cost incl. solar canopy); incentives not netted,"leased lot, distribution-connected, two 4.9 MW systems",https://edc.nyc/sites/default/files/2025-03/GB%20Arthur%20Kill%20Storage%20LLC%20-%20Inducement%20and%20Authorizing%20Resolution%20April%202024.pdf,High,Added 2 Oct 2026 after review comment; 4-h; VDER revenue; NYSERDA incentive and ITC not netted
Elevate Renewables Victory Blvd BESS (Staten Island),Elevate Renewables F7 LLC (ArcLight),developer,NY,NYISO,15.1,60.4,2025,31650000,NYCIDA total project cost (public hearing notice Apr 2024),all-in developer-owned (total project cost); incentives not netted,"existing ArcLight generation site, 4401 Victory Blvd",https://edc.nyc/sites/default/files/2024-03/IDA-Public-Hearing-Notice-April-18-2024.pdf,High,Added 2 Oct 2026; 4-h; sited at existing generation property
"Soltage Brigis 1A BESS (Maspeth, Queens)",Soltage NY DevCo LLC,developer,NY,NYISO,5.0,20.0,2025,16104493,NYCIDA total project cost (public hearing notice Mar 2024),all-in developer-owned (total project cost); incentives not netted,"53-05 46th St, Maspeth; distribution-connected",https://edc.nyc/sites/default/files/2024-02/IDA-Public-Hearing-Notice-March-7-2024-Public-Hearing.pdf,Medium,"Added 2 Oct 2026; MWh not stated in excerpt, 4-h assumed (NY retail-tier norm)"
