project,owner,owner_type,state,iso,mw,mwh,cod_year,cost_usd,cost_basis,scope,site_type,source_url,confidence,notes
Agilitas AE-ESS NWS 1 (Long Island City),Agilitas Energy,developer,NY,NYISO,5,20.6,2021,15000000,NYCIDA cost/benefit analysis (Jul 2020),gross developer-owned total project cost; sales-tax exemption not netted,leased urban lot,https://edc.nyc/sites/default/files/2020-07/NYCIDA-Agilitas-PHP.pdf,Medium,Added 2 Oct 2026 (NY research pass); planned 2021; listed operating 2025
Greenbacker Staten Island Energy Storage 3 (Androvette St),Greenbacker Renewable Energy,developer,NY,NYISO,5,20,2023,10450000,NYCIDA estimated project budget (Mar 2022),gross; NYC sales-tax exemption $384750 not netted,leased lot,https://edc.nyc/sites/default/files/2022-02/Staten%20Island%20PHP.pdf,Medium,Added 2 Oct 2026
OSCII Blondell Ave BESS (Bronx),Orenda / North Sky JV (later Convergent),developer,NY,NYISO,5,10,2024,8570000,NYCIDA total project cost (Jul 2023 notice),gross; 2-hour system,leased lot,https://edc.nyc/sites/default/files/2023-06/IDA-Public-Hearing-Notice-July-20-2023.pdf,Medium,Added 2 Oct 2026; one of few 2-h NYC comparables
OSCII Gildersleeve Ave BESS (Bronx),Orenda / North Sky JV (later Convergent),developer,NY,NYISO,5,20,2025,13875000,NYCIDA total project cost (Jul 2023; re-noticed Nov 2024),gross,leased lot,https://edc.nyc/sites/default/files/2024-11/OSCII%20Gildersleeve%2C%20LLC_Public%20Hearing%20Package_Redacted.pdf,Medium,Added 2 Oct 2026; a secondary summary conflates Gildersleeve + Gun Hill; treated as per-site
OSCII Gun Hill Rd BESS (Bronx),Orenda / North Sky JV (later Convergent),developer,NY,NYISO,5,20,2025,15262500,NYCIDA estimated project budget (Jul 2023 PHP),gross,leased lot,https://edc.nyc/sites/default/files/2023-07/Gun%20Hill%20PHP_V2%20(Redacted).pdf,Medium,Added 2 Oct 2026
Convergent SSC Richmond Rd BESS (Staten Island),Convergent Energy + Power,developer,NY,NYISO,5,20,2025,8200000,NYCIDA total development cost (Mar 2024 notice),gross; containerized; low against peers,leased lot,https://edc.nyc/sites/default/files/2024-02/IDA-Public-Hearing-Notice-March-7-2024-Public-Hearing.pdf,Medium,Added 2 Oct 2026; unusually low; verify
NineDot Wintergreen / Hunts Point BESS (Bronx),NineDot Energy,developer,NY,NYISO,19.6,78.3,2027,78200000,NYCIDA cost/benefit analysis + 12 Mar 2024 board minutes,gross incl. four solar canopies; equity + NY Green Bank revolver + commercial loan,leased lot (four 4.9 MW units),https://edc.nyc/sites/default/files/2024-01/Wintergreen%20Clean%20Energy%20LLC%20PHP_Redacted.pdf,Medium,Added 2 Oct 2026; NYSERDA records it at 19.6 MW / 78.3 MWh with $9.8M incentive (not netted)
NineDot Blue Aster BESS (Hinsdale St Brooklyn),NineDot Energy,developer,NY,NYISO,14.7,58.8,2026,48800000,NYCIDA cost/benefit analysis (Jul 2024),gross incl. small solar,subdivided parcel,https://edc.nyc/sites/default/files/2024-07/Blue%20Aster%20Public%20Hearing%20Package_Redacted.pdf,Medium,Added 2 Oct 2026; 14.7 MW aggregate (three units)
Convergent East Bay Ave Energy Storage 1 (Bronx),Convergent Energy + Power,developer,NY,NYISO,5,20,2026,19513450,NYCIDA budget (latest of three filings: $12.05M notice Sep 2024; $17.74M core application; $19.51M budget),gross,leased lot,https://edc.nyc/sites/default/files/2024-09/East%20Bay%20Energy%20PHP%20v2.pdf,Medium,Added 2 Oct 2026; three figures across filings; latest budget used
NineDot Devoe Ave BESS (Bronx),NineDot Energy,developer,NY,NYISO,9.8,39.2,2026,34970000,NYCIDA notice and IDA resolution (Nov 2024); budget $38.467M; City Record $20M,gross incl. two solar canopies,leased lot (two 4.9 MW units),https://edc.nyc/sites/default/files/2024-11/Devoe_Public%20Hearing%20Package_Redacted.pdf,Medium,Added 2 Oct 2026; notice/resolution figure used
NineDot Seneca Lake / Boston Rd BESS (Bronx),NineDot Energy,developer,NY,NYISO,19.6,39.2,2027,25660000,NYCIDA cost/benefit analysis (Mar 2025): about $10M construction + $14.7M equipment,gross; capacity reported two ways (2x8.0 or 2x9.8 MW),leased lot,https://edc.nyc/sites/default/files/2025-03/Seneca%20Lake_Public%20Hearing%20Package_Redacted.pdf,Low,Added 2 Oct 2026; EXCLUDE from regression until verified (one excerpt gave $227.8M)
Soltage Brigis 2 / Maspeth ESS (Queens),Soltage,developer,NY,NYISO,20,80,2027,80697545,NYCIDA cost/benefit analysis (Sep 2025),gross; 15% equity / 85% commercial loan; blockhouse design,leased lot,https://edc.nyc/sites/default/files/2025-09/Soltage%20Brigis%202%20PHP%20Redacted.pdf,Medium,Added 2 Oct 2026
Convergent 720 E 144th St Energy Storage 1 (Bronx),Convergent Energy + Power,developer,NY,NYISO,5,20,2026,17806000,NYCIDA notice Sep 2025 (City Record $17.806M; IDA agenda budget $19.587M),gross; blockhouse,leased lot,https://edc.nyc/sites/default/files/2025-09/September%20NYCIDA%20Agenda%20and%20Resolutions.pdf,Medium,Added 2 Oct 2026; notice figure used
NineDot Eastern Towhee A/B (Centre St Brooklyn),NineDot Energy,developer,NY,NYISO,9.8,39.2,2027,32600000,NYCIDA notice (City Record Jun 2026),gross incl. solar canopies,leased lot,https://a856-cityrecord.nyc.gov/RequestDetail/20260617040,Medium,Added 2 Oct 2026
Soltage McDonald BESS (46th St Maspeth),Soltage,developer,NY,NYISO,5,20,2025,62765404,NYCIDA total project cost (Mar 2024 notice) as excerpted,implies over $3000/kWh; likely notice error or multi-site total,leased lot,https://edc.nyc/sites/default/files/2024-02/IDA-Public-Hearing-Notice-March-7-2024-Public-Hearing.pdf,Low,Added 2 Oct 2026; EXCLUDE (probable error; same notice lists Brigis 1A at $16.1M)
Con Edison Storage on Demand mobile BESS (with NRG),Con Edison,IOU,NY,NYISO,1,4,2018,7600000,REV demonstration budget (Utility Dive),trailer-mounted demonstration incl. demo overheads,mobile,https://www.utilitydive.com/news/coned-nrg-partner-on-4-mwh-mobile-battery-storage-demo-for-rev-docket/437125/,Medium,Added 2 Oct 2026; EXCLUDE (demonstration; mobile)
East Hampton Energy Storage Center (NextEra for LIPA),NextEra Energy Resources,developer,NY,NYISO,5,40,2018,55000000,contract value to LIPA (East Hampton Star),contract value not capex (likely multi-year),utility-adjacent site,https://www.easthamptonstar.com/government/202376/after-fire-substation-new-battery-worries,Low,Added 2 Oct 2026; EXCLUDE (contract value)
